TIMESTAMP,DATETIME,GLOBAL_CELL_ID,CELLT_AVG_NUM_SESS,CELLT_AVG_THP_DL,CELLT_AVG_RESR_PER_TTI_DL,CELLT_AVG_THPMRF_DL,CELLT_SUM_THPTIME_DL,CELLT_SUM_ACKVOL_DL,CELLT_AGG_THPMRF_TOTAL_DL,CELLT_AGG_COLL_PER_TTI_DL,CELLT_AGG_PAYLOAD_FRAC_DL,CELLT_AGG_SPECF_DL,CELLT_AGG_THP_DL,DATETIME_UTC,DATETIME_Melbourne,WEEKDAY_UTC,HOUR_UTC,MONTH_UTC,MINUTE_OF_DAY_UTC,DATE_UTC,WEEKDAY_Melbourne,HOUR_Melbourne,MONTH_Melbourne,MINUTE_OF_DAY_Melbourne,DATE_Melbourne
1461807000,2016-04-28 01:30:00,136046093,33.8902333577474,6609.70610745699,4067.40989453339,3602.77067648205,30.9045015625533,49572795.8059275,10167.0273128856,1.47316870534947,0.9951183455334671,1.82217750126443,12887.6418340266,2016-04-28 01:30:00+00:00,2016-04-28 11:30:00+10:00,28,1,4,90,2016_4_28,28,11,4,690,2016_4_28
1461807060,2016-04-28 01:31:00,136046093,39.0485000093778,3181.12824306155,2672.57696531258,2089.2773146919603,22.618827102442,23858461.822961602,7542.47468986453,1.36588081724489,1.14446487099567,1.53658241617655,8569.07894251539,2016-04-28 01:31:00+00:00,2016-04-28 11:31:00+10:00,28,1,4,91,2016_4_28,28,11,4,691,2016_4_28
1461807120,2016-04-28 01:32:00,136046093,42.142816654841106,4692.91093712642,4065.4968293979705,3355.94750992156,31.7519905465372,35196832.02844821,9194.91745654714,1.43555860380423,0.998760352325491,1.3444097101978099,8944.76734874923,2016-04-28 01:32:00+00:00,2016-04-28 11:32:00+10:00,28,1,4,92,2016_4_28,28,11,4,692,2016_4_28
1461807180,2016-04-28 01:33:00,136046093,37.4285666783651,4812.22823754609,3904.4236799112396,3195.17734238165,26.7359515988157,36091711.7815957,10397.214881797,1.46624507274341,1.01179724537298,1.48734675204529,10910.0006167355,2016-04-28 01:33:00+00:00,2016-04-28 11:33:00+10:00,28,1,4,93,2016_4_28,28,11,4,693,2016_4_28
1461807240,2016-04-28 01:34:00,136046093,34.7355666518211,3826.13231397045,3059.2303393023903,2402.2252438142605,17.5755164028778,28695992.3547783,11111.8178245772,1.4164254777724201,0.9925804963004351,1.59275237188257,13224.861660279099,2016-04-28 01:34:00+00:00,2016-04-28 11:34:00+10:00,28,1,4,94,2016_4_28,28,11,4,694,2016_4_28
1461807300,2016-04-28 01:35:00,136046093,39.3521166523298,4970.33982919693,4289.373083946861,3462.9304811972197,30.3113197922518,37277548.718977004,10326.5350874158,1.52931859454343,0.989959309159784,1.47495139166574,9882.90991868315,2016-04-28 01:35:00+00:00,2016-04-28 11:35:00+10:00,28,1,4,95,2016_4_28,28,11,4,695,2016_4_28
1461807360,2016-04-28 01:36:00,136046093,39.737549980481504,5184.806772494439,4543.790968439629,3763.52305516807,35.4913007701291,38886050.793708295,10557.9849450466,1.65509612326285,0.9905683184287621,1.37829766216373,8851.45619688042,2016-04-28 01:36:00+00:00,2016-04-28 11:36:00+10:00,28,1,4,96,2016_4_28,28,11,4,696,2016_4_28
1461807420,2016-04-28 01:37:00,136046093,46.1064833521843,10018.409964095,6511.39029676535,5591.245481981071,48.0894982961483,75138074.7307123,11688.455674723898,1.71924280636224,0.987549661411442,1.80841986982494,12561.0093364515,2016-04-28 01:37:00+00:00,2016-04-28 11:37:00+10:00,28,1,4,97,2016_4_28,28,11,4,697,2016_4_28
1461807480,2016-04-28 01:38:00,136046093,45.05368332465489,7665.24188532775,5631.055898885439,4807.395123143329,46.645646794263705,57489314.1399582,10804.3427943804,1.72899840647766,0.987228410478429,1.58883966579983,9927.086148175269,2016-04-28 01:38:00+00:00,2016-04-28 11:38:00+10:00,28,1,4,98,2016_4_28,28,11,4,698,2016_4_28
1461807540,2016-04-28 01:39:00,136046093,40.143066680431396,4968.290740906889,3973.6487987807104,3273.4894123653003,31.867014910527395,37262180.55680171,10357.534811843001,1.68802927855259,0.9862896232629208,1.48221049331893,9367.02583867167,2016-04-28 01:39:00+00:00,2016-04-28 11:39:00+10:00,28,1,4,99,2016_4_28,28,11,4,699,2016_4_28
1461807600,2016-04-28 01:40:00,136046093,44.2434000015259,11463.2897022422,6764.64071749671,6034.635128656711,62.169796060199005,85974672.7668165,11305.399985048001,1.93570937836558,1.04642848048761,1.7257565665276202,11106.0011729501,2016-04-28 01:40:00+00:00,2016-04-28 11:40:00+10:00,28,1,4,100,2016_4_28,28,11,4,700,2016_4_28
1461807660,2016-04-28 01:41:00,136046093,35.3178500056267,15795.9889905827,9082.21512878782,8349.61443629749,85.837270361615,118469917.42937,11713.204326683799,2.00544657269643,1.05139072321503,1.7554711935115301,11055.3458630518,2016-04-28 01:41:00+00:00,2016-04-28 11:41:00+10:00,28,1,4,101,2016_4_28,28,11,4,701,2016_4_28
1461807720,2016-04-28 01:42:00,136046093,36.1380833268166,13696.544599646,8998.09345153309,8234.99853710511,81.5741973906071,102724084.497345,12051.3425451321,2.0154976032255303,0.99348638313722,1.6182391260083702,10083.4862055824,2016-04-28 01:42:00+00:00,2016-04-28 11:42:00+10:00,28,1,4,102,2016_4_28,28,11,4,702,2016_4_28
1461807780,2016-04-28 01:43:00,136046093,36.1633666594823,8397.01235110074,6020.35856570246,5091.64250438007,47.6655611616421,62977592.6332556,11557.932825886399,1.8521338637351399,0.9931562016392459,1.62055739169496,10607.7989918336,2016-04-28 01:43:00+00:00,2016-04-28 11:43:00+10:00,28,1,4,103,2016_4_28,28,11,4,703,2016_4_28
1461807840,2016-04-28 01:44:00,136046093,31.883716654777498,5941.217641892779,4360.07743284971,3632.14703026244,33.214878444306,44559132.3141958,10352.047236976501,1.6070105279549,0.989732527652995,1.6282077294086998,10871.8099595126,2016-04-28 01:44:00+00:00,2016-04-28 11:44:00+10:00,28,1,4,104,2016_4_28,28,11,4,704,2016_4_28
1461807900,2016-04-28 01:45:00,136046093,39.720099977652204,4987.84952264815,3718.56300215456,2966.65175988261,33.202437790043,37408871.4198611,10176.8237535946,2.0862321057387296,1.0093141663495,1.69994258208347,9043.851922838321,2016-04-28 01:45:00+00:00,2016-04-28 11:45:00+10:00,28,1,4,105,2016_4_28,28,11,4,705,2016_4_28
1461807960,2016-04-28 01:46:00,136046093,49.6093666394552,8606.313530796751,7343.233013028191,6575.723317618779,93.44832530898769,64547351.4809756,10236.2100060583,2.39038958379401,0.9961499496788649,1.2627238196825499,5518.07264971095,2016-04-28 01:46:00+00:00,2016-04-28 11:46:00+10:00,28,1,4,106,2016_4_28,28,11,4,706,2016_4_28
1461808020,2016-04-28 01:47:00,136046093,47.39795001347861,11708.6030395371,9310.9539492449,8546.73008364952,121.886942693663,87814522.79652809,11182.928034851799,2.6621042550941603,0.9967019819742661,1.3677630827329998,5760.18766465311,2016-04-28 01:47:00+00:00,2016-04-28 11:47:00+10:00,28,1,4,107,2016_4_28,28,11,4,707,2016_4_28
1461808080,2016-04-28 01:48:00,136046093,48.2051833113035,10671.5316011212,7904.940188103441,7104.82661593884,100.107402882297,80036487.00840859,11041.7402515895,2.59802082807352,0.9985000597824991,1.49083331377228,6393.28814818331,2016-04-28 01:48:00+00:00,2016-04-28 11:48:00+10:00,28,1,4,108,2016_4_28,28,11,4,708,2016_4_28
1461808140,2016-04-28 01:49:00,136046093,42.0961333433787,10699.8759456124,6989.89382268171,6149.86144412814,77.7632523670101,80249069.5920929,10608.159589214301,2.2698789588635,1.02232384544234,1.66098009933485,8251.79163136409,2016-04-28 01:49:00+00:00,2016-04-28 11:49:00+10:00,28,1,4,109,2016_4_28,28,11,4,709,2016_4_28
1461808200,2016-04-28 01:50:00,136046093,46.513516664505,7711.3205442424205,5735.56926148349,5056.8235905251,60.913749307810605,57834904.0818182,10525.7097370585,2.15761355869256,1.04108952708193,1.4433676404397198,7594.776825982959,2016-04-28 01:50:00+00:00,2016-04-28 11:50:00+10:00,28,1,4,110,2016_4_28,28,11,4,710,2016_4_28
1461808260,2016-04-28 01:51:00,136046093,50.9883999784787,9302.05427935404,6847.52061551525,6082.13368287255,70.32232420139229,69765407.0951553,10599.3200263004,2.08106451410043,1.0586087443482401,1.4092601575247699,7951.93760111486,2016-04-28 01:51:00+00:00,2016-04-28 11:51:00+10:00,28,1,4,111,2016_4_28,28,11,4,711,2016_4_28
1461808320,2016-04-28 01:52:00,136046093,45.5749833663305,6141.28336432111,5405.75065955588,4690.6639047052895,47.8775880814964,46059625.23240829,10906.0810116136,2.09846530210668,1.04443532292612,1.2196980678876999,7700.7529173536495,2016-04-28 01:52:00+00:00,2016-04-28 11:52:00+10:00,28,1,4,112,2016_4_28,28,11,4,712,2016_4_28
1461808380,2016-04-28 01:53:00,136046093,50.3881166736285,10203.8047996853,7653.5543515189,6959.266313491589,113.922354578692,76528535.99763979,9905.95315854451,2.68471094887592,1.00980185570954,1.5439594728781203,5364.65050681512,2016-04-28 01:53:00+00:00,2016-04-28 11:53:00+10:00,28,1,4,113,2016_4_28,28,11,4,713,2016_4_28
1461808440,2016-04-28 01:54:00,136046093,50.4854500174522,8083.591599245121,6337.46013185999,5449.52975636257,79.95957303249209,60626936.9943384,9324.88286942072,2.3060699949285097,1.0045006528824498,1.38280379024167,6086.699849887729,2016-04-28 01:54:00+00:00,2016-04-28 11:54:00+10:00,28,1,4,114,2016_4_28,28,11,4,714,2016_4_28
1461808500,2016-04-28 01:55:00,136046093,47.63616671959561,6945.00201993871,5216.93528545396,4599.28148517659,62.777509657824105,52087515.1495403,9010.473882747,2.0799036825466297,1.0240726413545502,1.39899823630607,6633.84370872345,2016-04-28 01:55:00+00:00,2016-04-28 11:55:00+10:00,28,1,4,115,2016_4_28,28,11,4,715,2016_4_28
1461808560,2016-04-28 01:56:00,136046093,40.809366659323395,5671.3042354666295,4788.92949973687,4095.6500819159,49.3277563806726,42534781.765999705,9332.129634483841,1.9980937162269101,1.0065102372688,1.3097425810693502,6888.4362432504295,2016-04-28 01:56:00+00:00,2016-04-28 11:56:00+10:00,28,1,4,116,2016_4_28,28,11,4,716,2016_4_28
1461808620,2016-04-28 01:57:00,136046093,42.8814833521843,6523.67948915286,4697.15793306486,4100.0380439891605,60.32952670213739,48927596.168646395,8243.938969181021,2.20416443932414,1.00005430005357,1.4274519306975002,6497.58098614173,2016-04-28 01:57:00+00:00,2016-04-28 11:57:00+10:00,28,1,4,117,2016_4_28,28,11,4,717,2016_4_28
1461808680,2016-04-28 01:58:00,136046093,45.1951166590055,5836.17969121986,5049.8836552113,4434.23058619171,112.119111800828,43771347.684149,6933.835827478039,2.75824096512851,1.00728517816432,1.2471639692184,3113.22148162617,2016-04-28 01:58:00+00:00,2016-04-28 11:58:00+10:00,28,1,4,118,2016_4_28,28,11,4,718,2016_4_28
1461808740,2016-04-28 01:59:00,136046093,48.3313333551089,10679.7919879023,7158.72481434985,6695.427878685479,148.068344779379,80098439.90926759,7994.7175375178795,2.9771334292969605,0.997844499215354,1.5117485855720498,4330.09243365334,2016-04-28 01:59:00+00:00,2016-04-28 11:59:00+10:00,28,1,4,119,2016_4_28,28,11,4,719,2016_4_28
1461808800,2016-04-28 02:00:00,136046093,53.305150000254294,7949.20947115075,5829.385280777011,5307.33491505864,99.62272501926951,59619071.0336307,9038.3618450825,3.01149419244022,0.998258646923354,1.4873230650085199,4774.07098556375,2016-04-28 02:00:00+00:00,2016-04-28 12:00:00+10:00,28,2,4,120,2016_4_28,28,12,4,720,2016_4_28
1461808860,2016-04-28 02:01:00,136046093,60.05194997787479,10967.8336020926,7940.850165233391,7297.34978655903,179.716933770212,82258752.01569471,9099.65740638263,3.6252787707142002,1.02773493196627,1.38276906943317,3673.0469544207795,2016-04-28 02:01:00+00:00,2016-04-28 12:01:00+10:00,28,2,4,121,2016_4_28,28,12,4,721,2016_4_28
1461808920,2016-04-28 02:02:00,136046093,53.370149993896504,10066.8189561035,7041.149629106841,6346.10720195183,138.746739095357,75501142.170776,9128.68611902888,3.35996482811228,1.00325956988452,1.4636041532252602,4369.6420559392,2016-04-28 02:02:00+00:00,2016-04-28 12:02:00+10:00,28,2,4,122,2016_4_28,28,12,4,722,2016_4_28
1461808980,2016-04-28 02:03:00,136046093,49.3832999785741,9414.650618496851,7780.0665272929,7047.79918580958,110.481181902438,70609879.6387264,10074.0629510115,2.9367515995594706,1.01266246447238,1.3455920613353798,5116.673866944489,2016-04-28 02:03:00+00:00,2016-04-28 12:03:00+10:00,28,2,4,123,2016_4_28,28,12,4,723,2016_4_28
1461809040,2016-04-28 02:04:00,136046093,47.6766166687012,13460.106433695,8616.82519432878,7984.1520817545,150.64475874049998,100950798.252712,10166.9451374985,3.2661989371033,1.14107941163776,1.49667182275315,5358.593816618029,2016-04-28 02:04:00+00:00,2016-04-28 12:04:00+10:00,28,2,4,124,2016_4_28,28,12,4,724,2016_4_28
1461809100,2016-04-28 02:05:00,136046093,45.59216668605799,11091.905214315,7859.895421049059,7212.51771534326,132.78506533150698,83189289.1073624,10298.3903551576,3.26176499580569,1.111820469887,1.34938004376438,5014.581603804149,2016-04-28 02:05:00+00:00,2016-04-28 12:05:00+10:00,28,2,4,125,2016_4_28,28,12,4,725,2016_4_28
1461809160,2016-04-28 02:06:00,136046093,47.953083328406,11045.3192366624,8149.97763534823,7450.873905628,130.370670859128,82839894.2749682,10284.1638462396,3.17142961176503,1.08649807502198,1.36512345980511,5099.16475078891,2016-04-28 02:06:00+00:00,2016-04-28 12:06:00+10:00,28,2,4,126,2016_4_28,28,12,4,726,2016_4_28
1461809220,2016-04-28 02:07:00,136046093,49.4225500265757,12538.2969257142,7605.0338168248,6978.57803443854,134.26028715153498,94037226.94285649,9994.26870490641,3.5320652817477103,1.2241284109709298,1.53500989056256,5602.11316046891,2016-04-28 02:07:00+00:00,2016-04-28 12:07:00+10:00,28,2,4,127,2016_4_28,28,12,4,727,2016_4_28
1461809280,2016-04-28 02:08:00,136046093,54.42076664765679,14965.504516571202,9748.247231197829,9041.2458676487,221.61126015759498,112241283.87428401,10459.9318116226,4.35069473015493,1.1290211427443,1.3878649645385301,4044.1158248735796,2016-04-28 02:08:00+00:00,2016-04-28 12:08:00+10:00,28,2,4,128,2016_4_28,28,12,4,728,2016_4_28
1461809340,2016-04-28 02:09:00,136046093,53.03866665760679,15713.1474925245,10241.6451600236,9502.81710078815,256.31194326209703,117848606.19393401,10545.506513959399,4.6615023596170495,1.10924825262676,1.2959126227731799,3675.56272968361,2016-04-28 02:09:00+00:00,2016-04-28 12:09:00+10:00,28,2,4,129,2016_4_28,28,12,4,729,2016_4_28
1461809400,2016-04-28 02:10:00,136046093,50.5078666567802,11475.7433541915,8331.99347494226,7585.34309742035,198.384782237863,86068075.1564361,9886.16513792959,4.35550145482188,1.12291017716204,1.32357679201152,3466.2310248411104,2016-04-28 02:10:00+00:00,2016-04-28 12:10:00+10:00,28,2,4,130,2016_4_28,28,12,4,730,2016_4_28
1461809460,2016-04-28 02:11:00,136046093,52.2096000035604,14468.2575967469,9380.80332212951,8858.99852626987,242.176118741452,108511931.975602,9934.241006412241,4.792593093999571,1.04551569509307,1.51589825004602,3583.38980375361,2016-04-28 02:11:00+00:00,2016-04-28 12:11:00+10:00,28,2,4,131,2016_4_28,28,12,4,731,2016_4_28
1461809520,2016-04-28 02:12:00,136046093,58.29811665614451,14586.956028743001,9765.93634100282,9212.59529748663,344.901263298838,109402170.215572,9704.257233100041,5.70823177761057,1.01254963983448,1.37994699649206,2535.4873022266897,2016-04-28 02:12:00+00:00,2016-04-28 12:12:00+10:00,28,2,4,132,2016_4_28,28,12,4,732,2016_4_28
1461809580,2016-04-28 02:13:00,136046093,45.4935999671618,10591.1746218116,6563.51365384115,5974.8760529336705,138.671129250968,79433809.66358721,8901.72815181979,4.01836532782502,0.994341132771658,1.69132324702966,4585.93628031992,2016-04-28 02:13:00+00:00,2016-04-28 12:13:00+10:00,28,2,4,133,2016_4_28,28,12,4,733,2016_4_28
1461809640,2016-04-28 02:14:00,136046093,47.77386667331061,8959.65888609314,5773.40676326081,5278.850492027121,117.653145583664,67197441.6456985,8001.265324446759,3.27133342185987,0.9981073684334159,1.62813975346339,4554.64380673059,2016-04-28 02:14:00+00:00,2016-04-28 12:14:00+10:00,28,2,4,134,2016_4_28,28,12,4,734,2016_4_28
1461809700,2016-04-28 02:15:00,136046093,59.141283305486,14578.071355843,8153.193362754929,7592.8698166041,156.852507763277,109335535.16882199,9157.99004002282,3.3253271199812002,1.0153818396591898,1.82284716794976,5618.24993454849,2016-04-28 02:15:00+00:00,2016-04-28 12:15:00+10:00,28,2,4,135,2016_4_28,28,12,4,735,2016_4_28
1461809760,2016-04-28 02:16:00,136046093,47.8827500224113,13006.3302141274,7686.611490636759,7098.8626518395995,146.17485446466802,97547476.60595559,9145.912776472709,3.3330349113180096,1.03438015730335,1.67811345154747,5338.5197634590995,2016-04-28 02:16:00+00:00,2016-04-28 12:16:00+10:00,28,2,4,136,2016_4_28,28,12,4,736,2016_4_28
1461809820,2016-04-28 02:17:00,136046093,53.1608166495959,14670.9227448631,8828.57459525187,8242.54673830621,188.923787311697,110031920.586473,9197.61712446114,3.49921744173238,1.02744998933035,1.62073872646496,4667.41547692038,2016-04-28 02:17:00+00:00,2016-04-28 12:17:00+10:00,28,2,4,137,2016_4_28,28,12,4,737,2016_4_28
1461809880,2016-04-28 02:18:00,136046093,56.688933356603,15709.751288558702,8679.34510324134,7896.01213439234,167.657418057503,117823134.66419,9838.797808518771,3.57160170878486,1.06238711324695,1.8982582335240301,5619.71219368566,2016-04-28 02:18:00+00:00,2016-04-28 12:18:00+10:00,28,2,4,138,2016_4_28,28,12,4,738,2016_4_28
1461809940,2016-04-28 02:19:00,136046093,57.761483287811295,12023.640469574199,7600.298568995329,6831.088951964361,136.629113732571,90177303.5218065,9867.10770524601,3.3997756081218906,1.05964145583426,1.74921669253033,5289.075309368879,2016-04-28 02:19:00+00:00,2016-04-28 12:19:00+10:00,28,2,4,139,2016_4_28,28,12,4,739,2016_4_28
1461810000,2016-04-28 02:20:00,136046093,51.638083338737495,10439.9167744233,7230.23507279777,6552.13407530817,150.080145231994,78299375.8081744,8742.81108889779,3.3791329053940298,1.06822216177153,1.52331972138531,4170.21418481197,2016-04-28 02:20:00+00:00,2016-04-28 12:20:00+10:00,28,2,4,140,2016_4_28,28,12,4,740,2016_4_28
1461810060,2016-04-28 02:21:00,136046093,51.622266666094504,10272.3456989586,7140.184853057371,6474.2866089563595,180.844892628505,77042592.74218969,8242.231203228192,3.6656381192190497,1.0585184296603,1.4339404642568503,3401.818747818,2016-04-28 02:21:00+00:00,2016-04-28 12:21:00+10:00,28,2,4,141,2016_4_28,28,12,4,741,2016_4_28
1461810120,2016-04-28 02:22:00,136046093,52.5406833449999,12223.0412897125,7544.5789660373,6776.19229059918,148.457215367321,91672809.6728441,8870.18506997824,3.4196953088928597,1.01791318047949,1.61106409228309,4932.69726936733,2016-04-28 02:22:00+00:00,2016-04-28 12:22:00+10:00,28,2,4,142,2016_4_28,28,12,4,742,2016_4_28
1461810180,2016-04-28 02:23:00,136046093,62.2137000362078,10589.3486199905,7545.45035033125,6734.72538483275,154.58412298703698,79420114.6499284,8745.893924094129,3.4144539792016806,1.03707068239865,1.36658694764864,4101.79943395027,2016-04-28 02:23:00+00:00,2016-04-28 12:23:00+10:00,28,2,4,143,2016_4_28,28,12,4,743,2016_4_28
1461810240,2016-04-28 02:24:00,136046093,53.463816654682205,11417.5784863776,8413.761666969109,7588.30823002535,153.921538312896,85631838.6478319,9199.94490598136,3.31217348410063,1.02731582600188,1.39367708277545,4456.30126997285,2016-04-28 02:24:00+00:00,2016-04-28 12:24:00+10:00,28,2,4,144,2016_4_28,28,12,4,744,2016_4_28
1461810300,2016-04-28 02:25:00,136046093,61.41569999456411,7738.90579245683,6980.52218820204,6181.15382776622,133.620041661526,58041793.44342621,8426.326601791221,3.2309543954609,1.04125043876724,1.19104253674205,3463.40617973352,2016-04-28 02:25:00+00:00,2016-04-28 12:25:00+10:00,28,2,4,145,2016_4_28,28,12,4,745,2016_4_28
1461810360,2016-04-28 02:26:00,136046093,61.659483317534104,8188.69352799077,6291.8576552203895,5431.3498832731,133.073883426327,61415201.4599308,7568.5230294188,3.22801865737336,1.06467566159696,1.36539014011709,3684.3645626390794,2016-04-28 02:26:00+00:00,2016-04-28 12:26:00+10:00,28,2,4,146,2016_4_28,28,12,4,746,2016_4_28
1461810420,2016-04-28 02:27:00,136046093,56.6635499954224,7972.904696193309,5913.92758887299,5089.79942601879,140.092233012131,59796785.22144979,7272.122775485259,3.6795488814474,1.02112450483784,1.4143947750567099,3397.34665471943,2016-04-28 02:27:00+00:00,2016-04-28 12:27:00+10:00,28,2,4,147,2016_4_28,28,12,4,747,2016_4_28
1461810480,2016-04-28 02:28:00,136046093,55.9079499840736,8664.6578527969,6201.6709082536,5639.87529400573,282.678054769738,64984933.89597671,6173.50634161386,4.98097928817023,1.08113739636765,1.3868489964730801,1829.95796898285,2016-04-28 02:28:00+00:00,2016-04-28 12:28:00+10:00,28,2,4,148,2016_4_28,28,12,4,748,2016_4_28
1461810540,2016-04-28 02:29:00,136046093,46.8221499880155,7326.74472838525,4713.309105170711,4281.35023274964,258.912170362105,54950585.46288929,5477.74234846582,4.904937439334191,1.1215162003311,1.5615376604434699,1688.7448446677,2016-04-28 02:29:00+00:00,2016-04-28 12:29:00+10:00,28,2,4,149,2016_4_28,28,12,4,749,2016_4_28
1461810600,2016-04-28 02:30:00,136046093,55.513216662406904,8686.076842039709,7081.310147212621,6590.48649527676,145.204088394823,65145576.315297805,8003.9919506794595,3.01789591965567,1.01464397902568,1.27858301041608,3577.1780667469607,2016-04-28 02:30:00+00:00,2016-04-28 12:30:00+10:00,28,2,4,150,2016_4_28,28,12,4,750,2016_4_28
1461810660,2016-04-28 02:31:00,136046093,60.2274166703224,9261.483027748909,6740.4769645078895,6007.92874413944,92.1038974027418,69461122.7081168,9258.10578617315,2.6538497490275095,1.02736293143375,1.5351978978052199,6019.52297280911,2016-04-28 02:31:00+00:00,2016-04-28 12:31:00+10:00,28,2,4,151,2016_4_28,28,12,4,751,2016_4_28
1461810720,2016-04-28 02:32:00,136046093,54.7568833470345,9734.41305311116,7147.033535422,6465.315705260129,103.901506285091,73008097.8983337,9459.67445362834,2.55624254801881,1.18069382949528,1.29540357527774,5617.381458592869,2016-04-28 02:32:00+00:00,2016-04-28 12:32:00+10:00,28,2,4,152,2016_4_28,28,12,4,752,2016_4_28
1461810780,2016-04-28 02:33:00,136046093,54.5280833522479,7295.050987980871,5892.09685693106,5212.210386389071,86.8328283574938,54712882.4098566,8917.28562281166,2.59371531316815,1.24738586945804,1.18625042827021,5017.098862703329,2016-04-28 02:33:00+00:00,2016-04-28 12:33:00+10:00,28,2,4,153,2016_4_28,28,12,4,753,2016_4_28
1461810840,2016-04-28 02:34:00,136046093,52.8641666412354,9860.68014845068,7409.99559546955,6794.1128023499905,143.160473224831,73955101.11338009,9041.69690318223,3.4979651848754303,1.12523680629651,1.3654353071583198,4123.40513364056,2016-04-28 02:34:00+00:00,2016-04-28 12:34:00+10:00,28,2,4,154,2016_4_28,28,12,4,754,2016_4_28
1461810900,2016-04-28 02:35:00,136046093,63.00306666294729,10494.314627644,8258.56501337848,7525.447318224009,211.750196508387,78707359.7073303,8876.312324142991,4.25676519920832,1.02568752803323,1.34536262091394,2970.31115370438,2016-04-28 02:35:00+00:00,2016-04-28 12:35:00+10:00,28,2,4,155,2016_4_28,28,12,4,755,2016_4_28
1461810960,2016-04-28 02:36:00,136046093,61.92568331162129,10174.2288307008,8511.77210409943,7832.30857863504,226.050661620437,76306716.2302561,9073.74251046619,4.50875592848762,1.00857293517618,1.25645923857004,2690.36205741072,2016-04-28 02:36:00+00:00,2016-04-28 12:36:00+10:00,28,2,4,156,2016_4_28,28,12,4,756,2016_4_28
1461811020,2016-04-28 02:37:00,136046093,59.8797000090281,10766.0447586386,8280.78193320032,7724.805487069971,220.488408622991,80745335.6897892,9331.94017657547,4.86878148364592,1.00478760541193,1.3884966740637699,2921.1302468990198,2016-04-28 02:37:00+00:00,2016-04-28 12:37:00+10:00,28,2,4,157,2016_4_28,28,12,4,757,2016_4_28
1461811080,2016-04-28 02:38:00,136046093,64.088566660881,13614.929041063999,10018.7588544189,9485.66586138341,352.200822710823,102111967.80798,9542.977481125921,5.6832334388584105,1.04394215374075,1.3909971701412498,2313.84710850754,2016-04-28 02:38:00+00:00,2016-04-28 12:38:00+10:00,28,2,4,158,2016_4_28,28,12,4,758,2016_4_28
1461811140,2016-04-28 02:39:00,136046093,59.5924333135287,12518.928001993401,9290.19077383457,8786.89690524373,334.30523759683996,93891960.01495029,9314.986963230269,5.65672583939243,1.0454601855021601,1.4064417022903501,2237.56609038513,2016-04-28 02:39:00+00:00,2016-04-28 12:39:00+10:00,28,2,4,159,2016_4_28,28,12,4,759,2016_4_28
1461811200,2016-04-28 02:40:00,136046093,63.958700005213394,9172.63122222492,7839.20952877533,7119.98547517876,209.68857419612098,68794734.166687,8910.8701834953,4.70152741029142,0.9985330061317759,1.26464397429743,2609.20559916232,2016-04-28 02:40:00+00:00,2016-04-28 12:40:00+10:00,28,2,4,160,2016_4_28,28,12,4,760,2016_4_28
1461811260,2016-04-28 02:41:00,136046093,53.947916678587596,7247.17601456361,6683.31089340354,6084.75680337489,129.315639272035,54353820.1092271,8718.23195327902,3.4570062324399307,1.00820429388697,1.13629081018608,3343.57081871948,2016-04-28 02:41:00+00:00,2016-04-28 12:41:00+10:00,28,2,4,161,2016_4_28,28,12,4,761,2016_4_28
1461811320,2016-04-28 02:42:00,136046093,62.757366700967204,9909.30469545457,8022.81981098663,7346.56445172657,163.153063481972,74319785.2159093,9582.63115702796,3.5905992852596302,1.06172563835394,1.2646592300230801,3641.5273737964003,2016-04-28 02:42:00+00:00,2016-04-28 12:42:00+10:00,28,2,4,162,2016_4_28,28,12,4,762,2016_4_28
1461811380,2016-04-28 02:43:00,136046093,63.4732166846593,10509.5965308541,8398.90067460072,7841.768966537929,177.35549687116298,78821973.98140591,9618.409341080122,3.6101276637952595,1.02833983988624,1.32512880926029,3545.18082675259,2016-04-28 02:43:00+00:00,2016-04-28 12:43:00+10:00,28,2,4,163,2016_4_28,28,12,4,763,2016_4_28
1461811440,2016-04-28 02:44:00,136046093,49.3656166871389,9528.454303937091,6431.74215681645,5980.480353003771,118.710226577193,71463407.2795282,9060.03312659098,3.13328054417566,1.12026695757053,1.37065549430658,4808.4283787798795,2016-04-28 02:44:00+00:00,2016-04-28 12:44:00+10:00,28,2,4,164,2016_4_28,28,12,4,764,2016_4_28
1461811500,2016-04-28 02:45:00,136046093,61.1064500053724,6356.744142107211,4723.84697078471,4116.21937815247,49.2134788562508,47675581.0658041,9573.40283628513,2.0662368506601103,1.01791000601068,1.50443838866882,7796.88367674472,2016-04-28 02:45:00+00:00,2016-04-28 12:45:00+10:00,28,2,4,165,2016_4_28,28,12,4,765,2016_4_28
1461811560,2016-04-28 02:46:00,136046093,58.2021999955177,7719.37068816558,6327.31044851664,5673.94696554122,64.1878303535324,57895280.1612419,10586.9893919154,2.10407459519186,1.0316476174818399,1.37823181742259,7190.1891130348795,2016-04-28 02:46:00+00:00,2016-04-28 12:46:00+10:00,28,2,4,166,2016_4_28,28,12,4,766,2016_4_28
1461811620,2016-04-28 02:47:00,136046093,67.5626666585604,8330.94121244658,6660.593947834771,5782.42632539611,68.71694371319789,62482059.09334929,10799.676256196999,2.12526389261231,1.04106926078866,1.3968543300950602,7282.23039063627,2016-04-28 02:47:00+00:00,2016-04-28 12:47:00+10:00,28,2,4,167,2016_4_28,28,12,4,767,2016_4_28
1461811680,2016-04-28 02:48:00,136046093,56.8170666774114,13202.209324861798,9113.4865461024,8398.63720580734,83.62760081535392,99016569.9364633,11918.8689274026,2.06425303492556,1.04047009731612,1.49165006795316,9466.96601585367,2016-04-28 02:48:00+00:00,2016-04-28 12:48:00+10:00,28,2,4,168,2016_4_28,28,12,4,768,2016_4_28
1461811740,2016-04-28 02:49:00,136046093,54.752250011762,6955.38327160968,6213.35513882615,5371.81325186218,60.180451698734394,52165374.5370726,11214.9558533074,2.08217322583245,1.0410456674475999,1.1853717902291,6933.136037534449,2016-04-28 02:49:00+00:00,2016-04-28 12:49:00+10:00,28,2,4,169,2016_4_28,28,12,4,769,2016_4_28
1461811800,2016-04-28 02:50:00,136046093,66.3654999613762,9890.16260467095,8346.96096651552,7417.06213632383,81.4080606837633,74176219.5350322,11812.408722562901,2.16582143250163,1.03158643553558,1.24323399496405,7291.3940747878405,2016-04-28 02:50:00+00:00,2016-04-28 12:50:00+10:00,28,2,4,170,2016_4_28,28,12,4,770,2016_4_28
1461811860,2016-04-28 02:51:00,136046093,65.549433350563,9311.624645671322,7527.747246277149,6707.33889045352,72.2704535344167,69837184.8425349,12017.3658269967,2.19433733032912,1.02042820466678,1.3404629811955,7733.31384487239,2016-04-28 02:51:00+00:00,2016-04-28 12:51:00+10:00,28,2,4,171,2016_4_28,28,12,4,771,2016_4_28
1461811920,2016-04-28 02:52:00,136046093,64.7721499681473,11859.474858591,8474.05737505422,7489.30718822984,86.5221621869732,88946061.4394327,12053.082252151002,2.30890352773298,1.01811207327378,1.5112803186784198,8220.673196605849,2016-04-28 02:52:00+00:00,2016-04-28 12:52:00+10:00,28,2,4,172,2016_4_28,28,12,4,772,2016_4_28
1461811980,2016-04-28 02:53:00,136046093,66.0605166316032,7055.81191782573,5741.70492526743,4818.30835811181,51.231513601132896,52918589.383693,10876.2852160859,1.94736192317458,1.03286790287468,1.4189201891510002,8281.00241064625,2016-04-28 02:53:00+00:00,2016-04-28 12:53:00+10:00,28,2,4,173,2016_4_28,28,12,4,773,2016_4_28
1461812040,2016-04-28 02:54:00,136046093,52.9071833491325,6502.80478270406,6153.00737228744,5480.510891885539,53.2049122859811,48771035.8702805,10935.5721705166,1.7834488117407,1.04313502139981,1.15564309062444,7325.68748933029,2016-04-28 02:54:00+00:00,2016-04-28 12:54:00+10:00,28,2,4,174,2016_4_28,28,12,4,774,2016_4_28
1461812100,2016-04-28 02:55:00,136046093,61.6076832969983,5272.84060323225,5029.210255451239,4303.9915747184,40.41215427109071,39546304.5242419,10235.5198958081,1.6327577291778401,1.01457531865501,1.21898840874658,7827.24765945307,2016-04-28 02:55:00+00:00,2016-04-28 12:55:00+10:00,28,2,4,175,2016_4_28,28,12,4,775,2016_4_28
1461812160,2016-04-28 02:56:00,136046093,55.6185666481654,6627.2531385243,5943.692411435961,5212.17052926395,48.0357134985507,49704398.538932204,11231.754455824599,1.76537216829245,1.00820703528107,1.28010508142416,8295.44734276832,2016-04-28 02:56:00+00:00,2016-04-28 12:56:00+10:00,28,2,4,176,2016_4_28,28,12,4,776,2016_4_28
1461812220,2016-04-28 02:57:00,136046093,59.011866652965494,6373.47531011948,5939.00460495028,5152.72390035216,59.9259046424078,47801064.8258961,10502.7519158058,2.23570788814033,0.997253497777819,1.24989493577473,6370.148178193371,2016-04-28 02:57:00+00:00,2016-04-28 12:57:00+10:00,28,2,4,177,2016_4_28,28,12,4,777,2016_4_28
1461812280,2016-04-28 02:58:00,136046093,57.7384666363398,8796.17210260021,6331.194135367161,5715.90944165338,96.5309336572016,65971290.7695016,9198.97179809215,2.5593087227572404,1.01495597383587,1.53326304902987,5455.1580626718705,2016-04-28 02:58:00+00:00,2016-04-28 12:58:00+10:00,28,2,4,178,2016_4_28,28,12,4,778,2016_4_28
1461812340,2016-04-28 02:59:00,136046093,46.1636666695277,9000.74479986234,6006.78493740256,5473.15292463683,79.20520919296571,67505585.9989676,10646.720712628101,2.74828756931795,1.00566888038119,1.7373302864721598,6820.81115185644,2016-04-28 02:59:00+00:00,2016-04-28 12:59:00+10:00,28,2,4,179,2016_4_28,28,12,4,779,2016_4_28
1461812400,2016-04-28 03:00:00,136046093,64.5398833155632,9873.41527114666,8034.829150452671,7126.046396100591,92.5251700599745,74050614.5335999,11123.409593546201,2.60965167247981,0.998799051058955,1.5200732484904098,6388.51660010583,2016-04-28 03:00:00+00:00,2016-04-28 13:00:00+10:00,28,3,4,180,2016_4_28,28,13,4,780,2016_4_28
1461812460,2016-04-28 03:01:00,136046093,65.8527000149091,9708.61888473873,7417.28928839245,6412.6331697368105,90.73222400937429,72814641.6355405,11225.1385153342,2.9622376732975204,1.0621230961855601,1.553064518267,6400.00096815691,2016-04-28 03:01:00+00:00,2016-04-28 13:01:00+10:00,28,3,4,181,2016_4_28,28,13,4,781,2016_4_28
1461812520,2016-04-28 03:02:00,136046093,71.2905833363533,17420.1170660962,10963.7121376875,10185.6092537663,204.36720926866698,130650877.995722,11022.5978606027,3.7701237173554905,1.04942404074588,1.65068646238208,5107.82054100671,2016-04-28 03:02:00+00:00,2016-04-28 13:02:00+10:00,28,3,4,182,2016_4_28,28,13,4,782,2016_4_28
1461812580,2016-04-28 03:03:00,136046093,74.0626499811808,17062.8724195141,9967.68611788811,9206.86781058374,204.241310649954,127971543.146356,10761.0865040752,3.9106826500188396,1.08666922067992,1.71149429987684,5006.65984054619,2016-04-28 03:03:00+00:00,2016-04-28 13:03:00+10:00,28,3,4,183,2016_4_28,28,13,4,783,2016_4_28
1461812640,2016-04-28 03:04:00,136046093,65.4128333528837,14654.038620818601,9260.090537950251,8570.43103499588,149.10161896719802,109905289.65614,10801.3857357323,3.47545286385831,1.0821650843105501,1.6201716267646202,5897.9043625247305,2016-04-28 03:04:00+00:00,2016-04-28 13:04:00+10:00,28,3,4,184,2016_4_28,28,13,4,784,2016_4_28
1461812700,2016-04-28 03:05:00,136046093,61.3920499722163,11846.757623133799,8272.74061185286,7551.272126499191,130.169377890247,88850682.1735032,11005.960004440802,3.3977983292712497,1.0681595571918598,1.49872221570868,5456.64604631695,2016-04-28 03:05:00+00:00,2016-04-28 13:05:00+10:00,28,3,4,185,2016_4_28,28,13,4,785,2016_4_28
1461812760,2016-04-28 03:06:00,136046093,69.2858166654905,16204.5001384103,9950.3205655798,9197.63835339014,223.545369039099,121533751.038077,11081.8408439868,4.7930921622185,1.08397325453534,1.5878396835333601,4335.4295275490995,2016-04-28 03:06:00+00:00,2016-04-28 13:06:00+10:00,28,3,4,186,2016_4_28,28,13,4,786,2016_4_28
1461812820,2016-04-28 03:07:00,136046093,64.1356999754906,16559.2903039998,10466.284000088399,9776.38622883567,290.271234803357,124194677.279999,10907.8595906809,5.22726390720082,1.04689807397789,1.5314634721201599,3413.07304250555,2016-04-28 03:07:00+00:00,2016-04-28 13:07:00+10:00,28,3,4,187,2016_4_28,28,13,4,787,2016_4_28
1461812880,2016-04-28 03:08:00,136046093,61.478516638279,13988.089155651202,8829.27294192202,8210.148537112571,277.858331076642,104910668.667384,9489.051006706071,4.99638575590327,1.01473170238371,1.5713932089298002,3012.33004424995,2016-04-28 03:08:00+00:00,2016-04-28 13:08:00+10:00,28,3,4,188,2016_4_28,28,13,4,788,2016_4_28
1461812940,2016-04-28 03:09:00,136046093,66.35651666323339,11095.8536640727,7758.32104595374,6933.331102978821,118.210031356924,83218902.48054521,10640.5790659765,3.6704594608254997,0.9897725168420981,1.7092523586255,5623.60082579136,2016-04-28 03:09:00+00:00,2016-04-28 13:09:00+10:00,28,3,4,189,2016_4_28,28,13,4,789,2016_4_28
1461813000,2016-04-28 03:10:00,136046093,63.436466646194496,15557.5600929744,9871.7134780416,9176.52758267653,165.28192774036,116681700.697308,10969.6529306908,3.43349502522515,1.01285606423786,1.6887611469356798,5639.0023205036,2016-04-28 03:10:00+00:00,2016-04-28 13:10:00+10:00,28,3,4,190,2016_4_28,28,13,4,790,2016_4_28
1461813060,2016-04-28 03:11:00,136046093,52.487366700172394,12155.2243306178,6856.76197554147,6162.59068154934,118.840815300899,91164182.47963381,9342.475424351658,2.9909647297212594,0.994153338795604,1.97900399031273,6128.31802822985,2016-04-28 03:11:00+00:00,2016-04-28 13:11:00+10:00,28,3,4,191,2016_4_28,28,13,4,791,2016_4_28
1461813120,2016-04-28 03:12:00,136046093,63.3291666905085,8464.396483006709,6124.7058252956,5374.487400401529,108.017169948769,63482973.622550294,8188.8837392983805,2.70125797153625,1.01709865120085,1.56207454444305,4692.79772454255,2016-04-28 03:12:00+00:00,2016-04-28 13:12:00+10:00,28,3,4,192,2016_4_28,28,13,4,792,2016_4_28
1461813180,2016-04-28 03:13:00,136046093,56.3070833245913,5324.103683380279,4347.148095250171,3657.07736105411,47.571198441019106,39930777.6253521,8732.89059455828,2.0941708417619,0.9956033868321191,1.4833821650078503,6726.638317995,2016-04-28 03:13:00+00:00,2016-04-28 13:13:00+10:00,28,3,4,193,2016_4_28,28,13,4,793,2016_4_28
1461813240,2016-04-28 03:14:00,136046093,46.505216654141705,4850.782187275589,3544.93264400632,3028.31936700426,40.11524715653189,36380866.4045669,7645.315451789359,1.71561302071128,0.985960737679058,1.62810844628212,7260.574861399859,2016-04-28 03:14:00+00:00,2016-04-28 13:14:00+10:00,28,3,4,194,2016_4_28,28,13,4,794,2016_4_28
1461813300,2016-04-28 03:15:00,136046093,58.438716669877394,6123.41528060109,4837.47412362935,4108.54181131885,51.2271037334348,45925614.604508206,8733.30603893063,1.8070083344737,0.9925826049601421,1.5059415852164,7149.903475826371,2016-04-28 03:15:00+00:00,2016-04-28 13:15:00+10:00,28,3,4,195,2016_4_28,28,13,4,795,2016_4_28
1461813360,2016-04-28 03:16:00,136046093,50.1954000314077,5371.881728307961,4534.79603511778,3860.4903018639,37.9455325132384,40289112.9623097,9918.909035768342,1.6844471538973,1.00307546874469,1.40517767165607,8520.742526893091,2016-04-28 03:16:00+00:00,2016-04-28 13:16:00+10:00,28,3,4,196,2016_4_28,28,13,4,796,2016_4_28
1461813420,2016-04-28 03:17:00,136046093,49.546766642729395,6460.52334746554,4972.46202250061,4227.2381537521505,36.1864247304028,48453925.1059916,10707.4902885402,1.62540003864202,1.0056900146889498,1.46297046656242,10718.1273839976,2016-04-28 03:17:00+00:00,2016-04-28 13:17:00+10:00,28,3,4,197,2016_4_28,28,13,4,797,2016_4_28
1461813480,2016-04-28 03:18:00,136046093,53.129333353042604,8966.8554541266,6581.2456384464695,5872.06435217427,68.8629338488273,67251415.9059495,10683.1847490948,2.23793075673662,1.1195055755356398,1.42236733407766,7808.825593925219,2016-04-28 03:18:00+00:00,2016-04-28 13:18:00+10:00,28,3,4,198,2016_4_28,28,13,4,798,2016_4_28
1461813540,2016-04-28 03:19:00,136046093,61.614816661675796,10589.48920208,7159.090839041321,6364.80273748584,100.246375298044,79421169.01559979,9655.45983762413,2.45111674665565,1.10187892823048,1.5799511954998502,6340.1203114030795,2016-04-28 03:19:00+00:00,2016-04-28 13:19:00+10:00,28,3,4,199,2016_4_28,28,13,4,799,2016_4_28
1461813600,2016-04-28 03:20:00,136046093,56.678933342297896,6048.0800701239405,5701.015979838001,5017.9569254564,74.94488941395859,45360600.525929496,8949.636935304721,2.18070300770011,0.9906558295836109,1.20538642674516,4819.3134784187105,2016-04-28 03:20:00+00:00,2016-04-28 13:20:00+10:00,28,3,4,200,2016_4_28,28,13,4,800,2016_4_28
1461813660,2016-04-28 03:21:00,136046093,57.6792500297229,8130.700659536909,6555.6998066162905,5712.245778006801,65.86230934508299,60980254.946526796,10320.112571219599,2.1104406593358203,1.03282042138021,1.2973870320828702,7417.68036737715,2016-04-28 03:21:00+00:00,2016-04-28 13:21:00+10:00,28,3,4,201,2016_4_28,28,13,4,801,2016_4_28
1461813720,2016-04-28 03:22:00,136046093,56.3131333390872,9304.021065781992,6622.88153438409,5905.682334700289,84.5809968245173,69780157.99336489,9271.95561410233,2.1959367871805,1.0396765434147601,1.41850395324067,6595.623242135451,2016-04-28 03:22:00+00:00,2016-04-28 13:22:00+10:00,28,3,4,202,2016_4_28,28,13,4,802,2016_4_28
1461813780,2016-04-28 03:23:00,136046093,49.997599999109894,7331.033906002859,5702.35339564443,5024.9258250231605,66.8790306656532,54982754.2950215,9739.69929224271,2.2023474587644305,1.01694967205707,1.40029017620114,6567.881293422691,2016-04-28 03:23:00+00:00,2016-04-28 13:23:00+10:00,28,3,4,203,2016_4_28,28,13,4,803,2016_4_28
1461813840,2016-04-28 03:24:00,136046093,55.9544666727384,9253.94729948836,7868.963744330459,7011.14601208163,77.4701422513144,69404604.74616271,11861.512017136201,2.36701201639927,1.00018287116263,1.3323256421807,7163.945792069109,2016-04-28 03:24:00+00:00,2016-04-28 13:24:00+10:00,28,3,4,204,2016_4_28,28,13,4,804,2016_4_28
1461813900,2016-04-28 03:25:00,136046093,56.6505333423614,14240.6771929102,9971.337112318059,9324.53427927621,117.632519295784,106805078.946826,12174.7081068603,2.7326633323820095,1.06796659609072,1.5048715936805501,7259.32265007298,2016-04-28 03:25:00+00:00,2016-04-28 13:25:00+10:00,28,3,4,205,2016_4_28,28,13,4,805,2016_4_28
1461813960,2016-04-28 03:26:00,136046093,52.9361833492915,14765.247831108401,8760.387969894191,8158.77386759299,150.944140300983,110739358.733313,10658.990138970501,3.11835421613881,1.22806231505123,1.46717597792849,5881.297593257221,2016-04-28 03:26:00+00:00,2016-04-28 13:26:00+10:00,28,3,4,206,2016_4_28,28,13,4,806,2016_4_28
1461814020,2016-04-28 03:27:00,136046093,58.948183353741996,7853.183427458471,6232.759421316179,5468.50026935654,81.5746743125096,58898875.7059385,9630.42222071162,2.4611597095372595,1.00459773015145,1.42460066903149,5765.4360638722,2016-04-28 03:27:00+00:00,2016-04-28 13:27:00+10:00,28,3,4,207,2016_4_28,28,13,4,807,2016_4_28
1461814080,2016-04-28 03:28:00,136046093,52.034266674518605,7208.87485523405,6138.13468521288,5399.69733123694,73.246846882087,54066561.4142553,9409.07549396858,2.18837708199779,1.0106828009627902,1.3236583089518,5904.19811552719,2016-04-28 03:28:00+00:00,2016-04-28 13:28:00+10:00,28,3,4,208,2016_4_28,28,13,4,808,2016_4_28
1461814140,2016-04-28 03:29:00,136046093,36.0515499830246,4330.25991674334,3710.09816628425,3217.16351353214,47.829697306526,32476949.375575103,7633.520347395459,1.90041032004276,1.0329827389973398,1.30144654260344,5412.748912933371,2016-04-28 03:29:00+00:00,2016-04-28 13:29:00+10:00,28,3,4,209,2016_4_28,28,13,4,809,2016_4_28
1461814200,2016-04-28 03:30:00,136046093,0.0,0.0,0.0,0.0,0.0,0.0,,,,,,2016-04-28 03:30:00+00:00,2016-04-28 13:30:00+10:00,28,3,4,210,2016_4_28,28,13,4,810,2016_4_28
